,Alexandre le Grand,Alexandre le Grand,Andromaque,Andromaque,Artaxerce,Artaxerce,Don Juan ou Le Festin de Pierre,Don Juan ou Le Festin de Pierre,Médée,Médée (1682)
Alexandre le Grand,13.194753073682687,,,,,,,,,
Andromaque,124.59036993257932,129.21297778986917,,,,,,,,
Andromaque,122.58089616563582,128.1797522438897,6.805195095563175,,,,,,,
Artaxerce,139.94244506624008,144.07151129269832,123.00681863649933,123.22624165602409,,,,,,
Artaxerce,151.95487683710422,155.5992097950945,134.64875996714895,135.77222927170573,139.53322086189726,,,,,
Don Juan ou Le Festin de Pierre,158.4529304119072,148.39791123072305,221.98587708521367,219.96633374570595,235.77333354468297,243.17735598304057,,,,
Don Juan ou Le Festin de Pierre,474.28976126391484,480.0970774226719,432.54379283057295,433.5437007432031,424.7428774303862,424.3502423209376,577.0883964625273,,,
Médée,96.62926474966183,100.44338894372035,116.51078511247734,116.64915123371162,124.7454155478815,138.24497200744315,186.5936096461133,449.07426468531264,,
Médée (1682),91.87003946785973,95.956668030132,117.76380743884077,116.19873952143124,126.73020801158872,136.77696710162692,180.67340906701907,453.41819116804334,20.70432458261047,
