VALEUR,#le-maitre,#gilles,#divertissant,#sans-quartier,#divertissant #sans-quartier
Fréquences (scènes),0.5,0.6666666666666666,0.3333333333333333,0.3333333333333333,0.16666666666666666
Fréquences(répliques),0.0,0.0,0.0,0.0,0.0
Confrontation,0.1111111111111111,0.2777777777777778,0.2222222222222222,0.2222222222222222,0.16666666666666666
Déviations,#le-maitre,#gilles,#divertissant,#sans-quartier,#divertissant #sans-quartier
#le-maitre,1.5,0.0,1.0,1.0,0.5
#gilles,0.0,0.6666666666666669,0.0833333333333333,0.0833333333333333,0.1666666666666667
#divertissant,1.0,0.0833333333333333,2.6666666666666674,2.6666666666666674,1.3333333333333337
#divertissant,1.0,0.0833333333333333,2.6666666666666674,2.6666666666666674,1.3333333333333337
#divertissant #sans-quartier,0.5,0.1666666666666667,1.3333333333333337,1.3333333333333337,4.166666666666668
Successions,#le-maitre,#gilles,#divertissant,#sans-quartier,#divertissant #sans-quartier
#le-maitre,0.0,1.0,0.0,0.0,0.0
#gilles,0.37209302325581395,0.023255813953488372,0.4186046511627907,0.1744186046511628,0.011627906976744186
#divertissant,0.0,0.7872340425531915,0.0,0.2127659574468085,0.0
#sans-quartier,0.0,0.56,0.44,0.0,0.0
#le-maitre,0.0,1.0,0.0,0.0,0.0
