VALEUR,#arlequin,#scapin,#argentine
Fréquences (scènes),0.6666666666666666,0.6666666666666666,0.5
Fréquences(répliques),0.0,0.0,0.0
Confrontation,0.3333333333333333,0.3333333333333333,0.3333333333333333
Déviations,#arlequin,#scapin,#argentine
#arlequin,1.3333333333333337,0.3333333333333332,0.0
#scapin,0.3333333333333332,1.3333333333333337,0.0
#argentine,0.0,0.0,3.0
Successions,#arlequin,#scapin,#argentine
#arlequin,0.0,0.5333333333333333,0.4666666666666667
#scapin,0.6153846153846154,0.0,0.38461538461538464
#argentine,0.6041666666666666,0.3958333333333333,0.0
