VALEUR,#dufresne,#turenne,#corneille
Fréquences (scènes),1.0,0.5,0.5
Fréquences(répliques),0.0,0.0,1.0
Confrontation,0.3333333333333333,0.3333333333333333,0.3333333333333333
Déviations,#dufresne,#turenne,#corneille
#dufresne,0.0,0.0,0.0
#turenne,0.0,0.5,0.5
#turenne,0.0,0.5,0.5
Successions,#dufresne,#turenne,#corneille
#dufresne,0.0,0.4117647058823529,0.5882352941176471
#turenne,0.6923076923076923,0.0,0.3076923076923077
#corneille,0.6428571428571429,0.35714285714285715,0.0
