VALEUR,#madame-de-lucenay,#jeannette,#france
Fréquences (scènes),0.8,0.8,0.4
Fréquences(répliques),0.0,0.0,0.0
Confrontation,0.35714285714285715,0.35714285714285715,0.2857142857142857
Déviations,#madame-de-lucenay,#jeannette,#france
#madame-de-lucenay,0.1999999999999999,0.012500000000000022,0.09999999999999995
#jeannette,0.012500000000000022,0.1999999999999999,0.09999999999999995
#france,0.09999999999999995,0.09999999999999995,1.7999999999999998
Successions,#madame-de-lucenay,#jeannette,#france
#madame-de-lucenay,0.014705882352941176,0.6029411764705882,0.38235294117647056
#jeannette,0.8297872340425532,0.06382978723404255,0.10638297872340426
#france,0.9032258064516129,0.0967741935483871,0.0
