VALEUR,#lamblin,#jacquette,#maxime,#alice,#la-baronne,#marchavant,#tous
Fréquences (scènes),0.5454545454545454,0.5454545454545454,0.6363636363636364,0.7272727272727273,0.36363636363636365,0.45454545454545453,0.09090909090909091
Fréquences(répliques),0.0,0.0,0.0,0.0,0.0,0.0,0.0
Confrontation,0.14150943396226415,0.1509433962264151,0.1792452830188679,0.19811320754716982,0.12264150943396226,0.1509433962264151,0.05660377358490566
Déviations,#lamblin,#jacquette,#maxime,#alice,#la-baronne,#marchavant,#tous
#lamblin,2.2727272727272734,0.022727272727272686,0.8658008658008659,0.03030303030303025,0.30681818181818193,0.19393939393939383,0.3787878787878789
#jacquette,0.022727272727272686,2.2727272727272734,0.3658008658008657,0.4261363636363635,0.640151515151515,0.027272727272727317,0.3787878787878789
#maxime,0.8658008658008656,0.365800865800866,1.4545454545454553,0.0016233766233766204,0.11688311688311687,0.21038961038961046,0.2077922077922078
#alice,0.03030303030303025,0.4261363636363635,0.0016233766233766204,0.818181818181818,0.409090909090909,0.03636363636363639,0.10227272727272725
#la-baronne,0.30681818181818193,0.640151515151515,0.11688311688311687,0.409090909090909,4.454545454545454,0.018181818181818195,1.1136363636363635
#marchavant,0.19393939393939383,0.027272727272727317,0.21038961038961046,0.03636363636363629,0.018181818181818146,3.2727272727272734,0.6545454545454544
#tous,0.3787878787878789,0.3787878787878789,0.2077922077922078,0.10227272727272725,1.1136363636363635,0.6545454545454544,9.09090909090909
Successions,#lamblin,#jacquette,#maxime,#alice,#la-baronne,#marchavant,#tous
#lamblin,0.0,0.18518518518518517,0.07407407407407407,0.2222222222222222,0.32098765432098764,0.1728395061728395,0.024691358024691357
#jacquette,0.5,0.0,0.2857142857142857,0.14285714285714285,0.03571428571428571,0.03571428571428571,0.0
#maxime,0.061068702290076333,0.04580152671755725,0.0,0.22137404580152673,0.16030534351145037,0.5114503816793893,0.0
#alice,0.23157894736842105,0.042105263157894736,0.4105263157894737,0.010526315789473684,0.09473684210526316,0.21052631578947367,0.0
#la-baronne,0.25,0.0,0.2261904761904762,0.16666666666666666,0.0,0.34523809523809523,0.011904761904761904
#marchavant,0.10606060606060606,0.015151515151515152,0.4393939393939394,0.2196969696969697,0.20454545454545456,0.007575757575757576,0.007575757575757576
#tous,0.5,0.25,0.25,0.0,0.0,0.0,0.0
