VALEUR,#manette,#therese,#emilie,#madame-villedieu,#monsieur-darneuil
Fréquences (scènes),1.0,1.0,0.16666666666666666,0.3333333333333333,0.3333333333333333
Fréquences(répliques),1.0,0.0,0.0,0.0,0.0
Confrontation,0.3235294117647059,0.3235294117647059,0.058823529411764705,0.14705882352941177,0.14705882352941177
Déviations,#manette,#therese,#emilie,#madame-villedieu,#monsieur-darneuil
#manette,0.0,0.0,0.0,0.0,0.0
#manette,0.0,0.0,0.0,0.0,0.0
#emilie,0.0,0.0,4.166666666666668,0.3333333333333333,0.3333333333333333
#madame-villedieu,0.0,0.0,0.3333333333333333,2.6666666666666674,0.1666666666666667
#monsieur-darneuil,0.0,0.0,0.3333333333333333,0.1666666666666667,2.6666666666666674
Successions,#manette,#therese,#emilie,#madame-villedieu,#monsieur-darneuil
#manette,0.038461538461538464,0.5769230769230769,0.15384615384615385,0.15384615384615385,0.07692307692307693
#therese,0.5925925925925926,0.0,0.18518518518518517,0.18518518518518517,0.037037037037037035
#emilie,0.5555555555555556,0.4444444444444444,0.0,0.0,0.0
#madame-villedieu,0.21739130434782608,0.17391304347826086,0.0,0.0,0.6086956521739131
#monsieur-darneuil,0.0,0.2222222222222222,0.0,0.7777777777777778,0.0
