VALEUR,#isabelle,#leandre,#gilles,#cassandre
Fréquences (scènes),0.5454545454545454,0.5454545454545454,0.36363636363636365,0.5454545454545454
Fréquences(répliques),0.0,0.0,0.0,0.0
Confrontation,0.3,0.26666666666666666,0.16666666666666666,0.26666666666666666
Déviations,#isabelle,#leandre,#gilles,#cassandre
#isabelle,2.2727272727272734,0.16161616161616174,0.015151515151515124,0.022727272727272686
#leandre,0.16161616161616174,2.2727272727272734,0.640151515151515,0.022727272727272686
#gilles,0.015151515151515124,0.640151515151515,4.454545454545454,0.015151515151515124
#cassandre,0.022727272727272686,0.022727272727272686,0.015151515151515124,2.2727272727272734
Successions,#isabelle,#leandre,#gilles,#cassandre
#isabelle,0.018867924528301886,0.4339622641509434,0.37735849056603776,0.16981132075471697
#leandre,0.5,0.05,0.175,0.275
#gilles,0.5,0.022727272727272728,0.0,0.4772727272727273
#cassandre,0.2619047619047619,0.3333333333333333,0.38095238095238093,0.023809523809523808
