VALEUR,#guignol,#le-gendarme,#l-ours,#le-gendarme #guignol,#le-commissaire
Fréquences (scènes),0.8,0.6,0.2,0.2,0.4
Fréquences(répliques),0.0,0.0,0.0,0.0,0.0
Confrontation,0.3,0.3,0.0,0.15,0.25
Déviations,#guignol,#le-gendarme,#l-ours,#le-gendarme #guignol,#le-commissaire
#guignol,0.1999999999999999,0.15000000000000005,0.8000000000000002,0.049999999999999975,0.09999999999999995
#le-gendarme,0.1499999999999998,0.8000000000000003,0.6000000000000001,0.2666666666666665,0.533333333333333
#l-ours,0.8000000000000002,0.6,3.2000000000000006,0.20000000000000004,0.4000000000000001
#le-gendarme #guignol,0.049999999999999975,0.2666666666666667,0.20000000000000004,3.2000000000000006,0.8999999999999999
#le-commissaire,0.09999999999999995,0.5333333333333334,0.4000000000000001,0.8999999999999999,1.7999999999999998
Successions,#guignol,#le-gendarme,#l-ours,#le-gendarme #guignol,#le-commissaire
#guignol,0.23595505617977527,0.5280898876404494,0.011235955056179775,0.011235955056179775,0.21348314606741572
#le-gendarme,0.9591836734693877,0.0,0.0,0.0,0.04081632653061224
#l-ours,1.0,0.0,0.0,0.0,0.0
#le-gendarme #guignol,0.0,1.0,0.0,0.0,0.0
#le-commissaire,0.9523809523809523,0.047619047619047616,0.0,0.0,0.0
