VALEUR,#l-abbe,#le-petit-minot,#madame-minot,#le-philosophe
Fréquences (scènes),0.3333333333333333,0.6666666666666666,0.8333333333333334,0.3333333333333333
Fréquences(répliques),0.0,0.0,0.0,0.0
Confrontation,0.16666666666666666,0.3333333333333333,0.3333333333333333,0.16666666666666666
Déviations,#l-abbe,#le-petit-minot,#madame-minot,#le-philosophe
#l-abbe,2.6666666666666674,0.3333333333333334,0.2666666666666667,0.6666666666666666
#le-petit-minot,0.3333333333333334,0.6666666666666669,0.03333333333333336,0.0833333333333333
#madame-minot,0.26666666666666655,0.03333333333333328,0.16666666666666655,0.06666666666666674
#le-philosophe,0.6666666666666666,0.0833333333333333,0.06666666666666664,2.6666666666666674
Successions,#l-abbe,#le-petit-minot,#madame-minot,#le-philosophe
#l-abbe,0.0,1.0,0.0,0.0
#le-petit-minot,0.2608695652173913,0.0,0.34782608695652173,0.391304347826087
#madame-minot,0.0,0.42105263157894735,0.10526315789473684,0.47368421052631576
#le-philosophe,0.0,0.5,0.5,0.0
