VALEUR,#adelaïde,#justine,#la-fleur,#monsieur-de-fontalbanne,#dorval,#le-comte-d-oronville
Fréquences (scènes),0.8,0.6,0.1,0.3,0.1,0.1
Fréquences(répliques),0.0,0.0,0.0,0.0,0.0,0.0
Confrontation,0.375,0.25,0.08333333333333333,0.16666666666666666,0.041666666666666664,0.08333333333333333
Déviations,#adelaïde,#justine,#la-fleur,#monsieur-de-fontalbanne,#dorval,#le-comte-d-oronville
#adelaïde,0.3999999999999998,0.13333333333333328,0.049999999999999975,0.06666666666666664,0.049999999999999975,0.049999999999999975
#justine,0.13333333333333355,1.6000000000000005,0.2666666666666665,0.3555555555555554,0.6000000000000001,0.6000000000000001
#la-fleur,0.049999999999999975,0.2666666666666667,8.1,0.3,0.10000000000000002,0.10000000000000002
#monsieur-de-fontalbanne,0.06666666666666678,0.3555555555555554,0.30000000000000004,4.9,0.30000000000000004,1.6333333333333329
#dorval,0.049999999999999975,0.6,0.10000000000000002,0.3,8.1,0.10000000000000002
#le-comte-d-oronville,0.049999999999999975,0.6,0.10000000000000002,1.633333333333333,0.10000000000000002,8.1
Successions,#adelaïde,#justine,#la-fleur,#monsieur-de-fontalbanne,#dorval,#le-comte-d-oronville
#adelaïde,0.07547169811320754,0.4716981132075472,0.018867924528301886,0.22641509433962265,0.20754716981132076,0.0
#justine,0.7222222222222222,0.05555555555555555,0.05555555555555555,0.16666666666666666,0.0,0.0
#la-fleur,0.3333333333333333,0.6666666666666666,0.0,0.0,0.0,0.0
#monsieur-de-fontalbanne,0.5789473684210527,0.3684210526315789,0.0,0.0,0.05263157894736842,0.0
#dorval,1.0,0.0,0.0,0.0,0.0,0.0
#le-comte-d-oronville,0.0,0.0,0.0,1.0,0.0,0.0
