VALEUR,#lisette,#merlin,#le-baron,#le-chevalier
Fréquences (scènes),0.42857142857142855,0.8571428571428571,0.5714285714285714,0.2857142857142857
Fréquences(répliques),0.0,0.0,0.0,0.0
Confrontation,0.2,0.35,0.3,0.15
Déviations,#lisette,#merlin,#le-baron,#le-chevalier
#lisette,2.2857142857142865,0.12698412698412687,0.04761904761904765,0.8571428571428571
#merlin,0.12698412698412687,0.14285714285714304,0.05357142857142853,0.04761904761904765
#le-baron,0.04761904761904765,0.05357142857142853,1.285714285714286,0.017857142857142842
#le-chevalier,0.8571428571428571,0.04761904761904765,0.017857142857142842,3.5714285714285716
Successions,#lisette,#merlin,#le-baron,#le-chevalier
#lisette,0.0,0.7,0.3,0.0
#merlin,0.21212121212121213,0.030303030303030304,0.5757575757575758,0.18181818181818182
#le-baron,0.16666666666666666,0.75,0.08333333333333333,0.0
#le-chevalier,0.0,1.0,0.0,0.0
