VALEUR,#monsieur-dormoy,#le-neveu,#madame-hutin,#mademoiselle-lancelot,#monsieur-devaux,#le-jeune-dormoy,#madame-hurin
Fréquences (scènes),1.0,0.6666666666666666,0.3333333333333333,0.3333333333333333,0.3333333333333333,0.3333333333333333,0.3333333333333333
Fréquences(répliques),0.0,0.0,0.0,0.0,0.0,0.0,0.0
Confrontation,0.2692307692307692,0.15384615384615385,0.11538461538461539,0.11538461538461539,0.11538461538461539,0.11538461538461539,0.11538461538461539
Déviations,#monsieur-dormoy,#le-neveu,#madame-hutin,#mademoiselle-lancelot,#monsieur-devaux,#le-jeune-dormoy,#madame-hurin
#monsieur-dormoy,0.0,0.0,0.0,0.0,0.0,0.0,0.0
#le-neveu,0.0,0.3333333333333334,0.1666666666666667,0.1666666666666667,0.6666666666666666,0.6666666666666666,0.6666666666666666
#madame-hutin,0.0,0.1666666666666667,1.3333333333333337,1.3333333333333337,0.3333333333333333,0.3333333333333333,0.3333333333333333
#madame-hutin,0.0,0.1666666666666667,1.3333333333333337,1.3333333333333337,0.3333333333333333,0.3333333333333333,0.3333333333333333
#monsieur-devaux,0.0,0.6666666666666666,0.3333333333333333,0.3333333333333333,1.3333333333333337,1.3333333333333337,1.3333333333333337
#monsieur-devaux,0.0,0.6666666666666666,0.3333333333333333,0.3333333333333333,1.3333333333333337,1.3333333333333337,1.3333333333333337
#monsieur-devaux,0.0,0.6666666666666666,0.3333333333333333,0.3333333333333333,1.3333333333333337,1.3333333333333337,1.3333333333333337
Successions,#monsieur-dormoy,#le-neveu,#madame-hutin,#mademoiselle-lancelot,#monsieur-devaux,#le-jeune-dormoy,#madame-hurin
#monsieur-dormoy,0.0,0.8333333333333334,0.1111111111111111,0.0,0.0,0.05555555555555555,0.0
#le-neveu,0.7894736842105263,0.0,0.15789473684210525,0.05263157894736842,0.0,0.0,0.0
#madame-hutin,0.6,0.4,0.0,0.0,0.0,0.0,0.0
#mademoiselle-lancelot,0.0,1.0,0.0,0.0,0.0,0.0,0.0
#monsieur-devaux,0.0,0.25,0.0,0.0,0.0,0.75,0.0
#le-jeune-dormoy,0.0,0.0,0.0,0.0,0.8,0.0,0.2
#madame-hurin,0.0,0.0,0.0,0.0,0.0,1.0,0.0
