VALEUR,#beaucornet,#madame-beaucornet,#le-domestique,#philidor,#zephyrine,#madame-beaucornet #zephyrine
Fréquences (scènes),0.9,0.5,0.1,0.6,0.4,0.2
Fréquences(répliques),1.0,0.0,0.0,0.0,0.0,0.0
Confrontation,0.26666666666666666,0.2,0.016666666666666666,0.2,0.2,0.11666666666666667
Déviations,#beaucornet,#madame-beaucornet,#le-domestique,#philidor,#zephyrine,#madame-beaucornet #zephyrine
#beaucornet,0.10000000000000007,0.05555555555555555,0.9,0.029629629629629554,0.04444444444444442,0.02222222222222221
#madame-beaucornet,0.05555555555555555,2.5,0.5,0.3333333333333333,0.5,1.0
#le-domestique,0.9,0.5,8.1,0.2666666666666667,0.4000000000000001,0.20000000000000004
#philidor,0.02962962962962968,0.3333333333333333,0.2666666666666665,1.6000000000000005,0.1499999999999998,0.03333333333333339
#zephyrine,0.04444444444444442,0.5,0.4000000000000001,0.15000000000000005,3.5999999999999996,1.7999999999999998
#madame-beaucornet #zephyrine,0.02222222222222221,1.0,0.20000000000000004,0.03333333333333332,1.7999999999999998,6.400000000000001
Successions,#beaucornet,#madame-beaucornet,#le-domestique,#philidor,#zephyrine,#madame-beaucornet #zephyrine
#beaucornet,0.02830188679245283,0.33962264150943394,0.0,0.41509433962264153,0.20754716981132076,0.009433962264150943
#madame-beaucornet,0.8444444444444444,0.0,0.0,0.06666666666666667,0.08888888888888889,0.0
#le-domestique,0.5,0.0,0.0,0.5,0.0,0.0
#philidor,0.7358490566037735,0.07547169811320754,0.03773584905660377,0.0,0.1320754716981132,0.018867924528301886
#zephyrine,0.696969696969697,0.15151515151515152,0.0,0.15151515151515152,0.0,0.0
#madame-beaucornet #zephyrine,1.0,0.0,0.0,0.0,0.0,0.0
