VALEUR,#damon,#merlin,#lucinde
Fréquences (scènes),1.0,0.75,0.25
Fréquences(répliques),0.0,0.0,0.0
Confrontation,0.4,0.4,0.2
Déviations,#damon,#merlin,#lucinde
#damon,0.0,0.0,0.0
#merlin,0.0,0.25,0.08333333333333333
#lucinde,0.0,0.08333333333333333,2.25
Successions,#damon,#merlin,#lucinde
#damon,0.027777777777777776,0.8333333333333334,0.1388888888888889
#merlin,0.9411764705882353,0.0,0.058823529411764705
#lucinde,0.5714285714285714,0.42857142857142855,0.0
