VALEUR,#henri,#mascarille,#jeannette,#perrine,#dercour,#eleonore
Fréquences (scènes),0.5,0.5,0.3125,0.3125,0.3125,0.375
Fréquences(répliques),0.0,0.0,0.0,0.0,0.0,0.0
Confrontation,0.14473684210526316,0.21052631578947367,0.17105263157894737,0.14473684210526316,0.15789473684210525,0.17105263157894737
Déviations,#henri,#mascarille,#jeannette,#perrine,#dercour,#eleonore
#henri,4.0,0.0,0.9,0.1,0.1,1.3333333333333333
#mascarille,0.0,4.0,0.9,0.1,0.1,0.0
#jeannette,0.9,0.9,7.5625,1.3225,0.1225,0.675
#perrine,0.1,0.1,1.3225,7.5625,0.2025,0.675
#dercour,0.1,0.1,0.1225,0.2025,7.5625,0.675
#eleonore,1.3333333333333333,0.0,0.675,0.675,0.675,6.25
Successions,#henri,#mascarille,#jeannette,#perrine,#dercour,#eleonore
#henri,0.009009009009009009,0.3063063063063063,0.02702702702702703,0.36936936936936937,0.2702702702702703,0.018018018018018018
#mascarille,0.47368421052631576,0.0,0.40789473684210525,0.039473684210526314,0.06578947368421052,0.013157894736842105
#jeannette,0.0,0.6530612244897959,0.04081632653061224,0.24489795918367346,0.02040816326530612,0.04081632653061224
#perrine,0.6515151515151515,0.015151515151515152,0.16666666666666666,0.0,0.0,0.16666666666666666
#dercour,0.4027777777777778,0.08333333333333333,0.013888888888888888,0.027777777777777776,0.013888888888888888,0.4583333333333333
#eleonore,0.04081632653061224,0.061224489795918366,0.02040816326530612,0.16326530612244897,0.7142857142857143,0.0
