VALEUR,#janbroche,#le-compere,#pierrot,#mademoiselle-janbroche,#monsieur-le-marquis,#polichinelle
Fréquences (scènes),0.6666666666666666,0.4444444444444444,0.2222222222222222,0.2222222222222222,0.2222222222222222,0.4444444444444444
Fréquences(répliques),0.0,0.0,0.0,0.0,0.0,0.0
Confrontation,0.23076923076923078,0.23076923076923078,0.07692307692307693,0.11538461538461539,0.11538461538461539,0.23076923076923078
Déviations,#janbroche,#le-compere,#pierrot,#mademoiselle-janbroche,#monsieur-le-marquis,#polichinelle
#janbroche,1.0,0.1666666666666666,0.3333333333333334,0.0833333333333333,1.3333333333333333,1.0416666666666665
#le-compere,0.1666666666666666,2.777777777777778,0.8888888888888888,0.013888888888888902,0.013888888888888902,0.027777777777777804
#pierrot,0.3333333333333334,0.8888888888888888,5.444444444444445,0.4444444444444444,0.4444444444444444,0.8888888888888888
#mademoiselle-janbroche,0.0833333333333333,0.013888888888888902,0.4444444444444444,5.444444444444445,0.4444444444444444,0.013888888888888902
#monsieur-le-marquis,1.3333333333333333,0.013888888888888902,0.4444444444444444,0.4444444444444444,5.444444444444445,1.388888888888889
#polichinelle,1.0416666666666665,0.027777777777777804,0.8888888888888888,0.013888888888888902,1.388888888888889,2.777777777777778
Successions,#janbroche,#le-compere,#pierrot,#mademoiselle-janbroche,#monsieur-le-marquis,#polichinelle
#janbroche,0.0,0.21428571428571427,0.42857142857142855,0.2857142857142857,0.0,0.07142857142857142
#le-compere,0.4,0.0,0.0,0.2,0.0,0.4
#pierrot,1.0,0.0,0.0,0.0,0.0,0.0
#mademoiselle-janbroche,0.6666666666666666,0.0,0.16666666666666666,0.0,0.0,0.16666666666666666
#monsieur-le-marquis,0.07692307692307693,0.0,0.0,0.07692307692307693,0.0,0.8461538461538461
#polichinelle,0.0,0.1111111111111111,0.05555555555555555,0.0,0.7222222222222222,0.1111111111111111
