VALEUR,#monsieur-de-valence,#madame-de-valence,#valentin,#matthieu,#monsieur-de-revel,#monsieur-de-nance,#mathurin
Fréquences (scènes),0.47058823529411764,0.35294117647058826,0.7058823529411765,0.29411764705882354,0.11764705882352941,0.17647058823529413,0.058823529411764705
Fréquences(répliques),0.0,0.0,0.0,0.0,0.0,0.0,0.0
Confrontation,0.22857142857142856,0.2,0.17142857142857143,0.1,0.11428571428571428,0.12857142857142856,0.05714285714285714
Déviations,#monsieur-de-valence,#madame-de-valence,#valentin,#matthieu,#monsieur-de-revel,#monsieur-de-nance,#mathurin
#monsieur-de-valence,4.764705882352942,3.573529411764705,1.2408088235294121,0.7779411764705884,1.1911764705882355,1.7867647058823526,0.5955882352941178
#madame-de-valence,3.5735294117647065,7.117647058823529,1.1797385620915033,0.33137254901960783,2.3725490196078436,0.8366013071895425,1.1862745098039218
#valentin,1.2408088235294112,1.1797385620915033,1.4705882352941175,0.6127450980392158,0.12009803921568622,0.5898692810457516,0.7058823529411764
#matthieu,0.7779411764705884,0.331372549019608,0.6127450980392154,8.470588235294116,0.5882352941176471,0.8823529411764707,0.29411764705882354
#monsieur-de-revel,1.1911764705882355,2.3725490196078427,0.12009803921568632,0.5882352941176471,13.235294117647058,7.686274509803921,6.617647058823529
#monsieur-de-nance,1.7867647058823533,0.8366013071895425,0.5898692810457516,0.8823529411764706,7.686274509803922,11.529411764705882,3.843137254901961
#mathurin,0.5955882352941178,1.1862745098039214,0.7058823529411765,0.29411764705882354,6.617647058823529,3.8431372549019605,15.058823529411764
Successions,#monsieur-de-valence,#madame-de-valence,#valentin,#matthieu,#monsieur-de-revel,#monsieur-de-nance,#mathurin
#monsieur-de-valence,0.0,0.4838709677419355,0.3225806451612903,0.06451612903225806,0.0967741935483871,0.03225806451612903,0.0
#madame-de-valence,0.6666666666666666,0.0,0.0,0.047619047619047616,0.0,0.19047619047619047,0.09523809523809523
#valentin,0.2857142857142857,0.0,0.0,0.7142857142857143,0.0,0.0,0.0
#matthieu,0.0,0.058823529411764705,0.9117647058823529,0.029411764705882353,0.0,0.0,0.0
#monsieur-de-revel,0.5,0.25,0.25,0.0,0.0,0.0,0.0
#monsieur-de-nance,0.6,0.2,0.0,0.0,0.2,0.0,0.0
#mathurin,0.0,1.0,0.0,0.0,0.0,0.0,0.0
