VALEUR,#veronique,#madame-hubert,#madeleine,#francis,#jacques,#joseph,#laurence
Fréquences (scènes),0.19047619047619047,0.2857142857142857,0.8095238095238095,0.47619047619047616,0.19047619047619047,0.14285714285714285,0.14285714285714285
Fréquences(répliques),0.0,0.0,0.0,0.0,0.0,0.0,0.0
Confrontation,0.1,0.11428571428571428,0.32857142857142857,0.22857142857142856,0.08571428571428572,0.07142857142857142,0.07142857142857142
Déviations,#veronique,#madame-hubert,#madeleine,#francis,#jacques,#joseph,#laurence
#veronique,13.761904761904763,0.642857142857143,0.017507002801120452,0.4297619047619047,0.07440476190476193,0.5714285714285714,0.5714285714285714
#madame-hubert,0.642857142857143,10.714285714285714,0.15126050420168083,0.25714285714285695,1.1428571428571428,0.8571428571428571,0.8571428571428571
#madeleine,0.017507002801120452,0.15126050420168055,0.7619047619047614,0.1011204481792718,0.47338935574229696,0.07563025210084028,0.13445378151260512
#francis,0.4297619047619047,0.25714285714285695,0.1011204481792718,5.761904761904762,0.004761904761904773,0.12857142857142848,0.12857142857142848
#jacques,0.07440476190476193,1.1428571428571428,0.47338935574229696,0.004761904761904773,13.761904761904763,0.3214285714285715,0.5714285714285714
#joseph,0.5714285714285714,0.8571428571428571,0.07563025210084041,0.12857142857142848,0.3214285714285715,15.428571428571432,0.7619047619047619
#laurence,0.5714285714285714,0.8571428571428571,0.1344537815126049,0.12857142857142848,0.5714285714285714,0.7619047619047619,15.428571428571432
Successions,#veronique,#madame-hubert,#madeleine,#francis,#jacques,#joseph,#laurence
#veronique,0.0,0.5666666666666667,0.43333333333333335,0.0,0.0,0.0,0.0
#madame-hubert,0.3617021276595745,0.0,0.40425531914893614,0.23404255319148937,0.0,0.0,0.0
#madeleine,0.10077519379844961,0.13178294573643412,0.015503875968992248,0.5813953488372093,0.09302325581395349,0.015503875968992248,0.06201550387596899
#francis,0.0,0.12037037037037036,0.6574074074074074,0.009259259259259259,0.1574074074074074,0.027777777777777776,0.027777777777777776
#jacques,0.0,0.0,0.3333333333333333,0.4722222222222222,0.0,0.19444444444444445,0.0
#joseph,0.0,0.0,0.3076923076923077,0.15384615384615385,0.5384615384615384,0.0,0.0
#laurence,0.0,0.0,0.7272727272727273,0.18181818181818182,0.0,0.09090909090909091,0.0
