VALEUR,#louis,#icelie,#leonille
Fréquences (scènes),1.0,1.0,1.0
Fréquences(répliques),0.0,0.0,0.0
Confrontation,0.3333333333333333,0.3333333333333333,0.3333333333333333
Déviations,#louis,#icelie,#leonille
#louis,0.0,0.0,0.0
#louis,0.0,0.0,0.0
#louis,0.0,0.0,0.0
Successions,#louis,#icelie,#leonille
#louis,0.0,0.7368421052631579,0.2631578947368421
#icelie,0.5789473684210527,0.0,0.42105263157894735
#leonille,0.6153846153846154,0.38461538461538464,0.0
