VALEUR,#la-marquise,#lisette,#roger
Fréquences (scènes),0.7272727272727273,0.5454545454545454,0.5454545454545454
Fréquences(répliques),0.0,0.0,0.0
Confrontation,0.3181818181818182,0.36363636363636365,0.3181818181818182
Déviations,#la-marquise,#lisette,#roger
#la-marquise,0.818181818181818,0.03030303030303025,0.4261363636363635
#lisette,0.03030303030303025,2.2727272727272734,0.16161616161616174
#roger,0.4261363636363635,0.16161616161616174,2.2727272727272734
Successions,#la-marquise,#lisette,#roger
#la-marquise,0.0,0.7837837837837838,0.21621621621621623
#lisette,0.4918032786885246,0.0,0.5081967213114754
#roger,0.20512820512820512,0.7948717948717948,0.0
