VALEUR,#madame-domas,#philibert,#voix-d-homme,#marchu,#barcelle
Fréquences (scènes),1.0,0.6666666666666666,0.3333333333333333,0.3333333333333333,0.3333333333333333
Fréquences(répliques),0.0,0.0,0.0,0.0,0.0
Confrontation,0.35714285714285715,0.21428571428571427,0.14285714285714285,0.14285714285714285,0.14285714285714285
Déviations,#madame-domas,#philibert,#voix-d-homme,#marchu,#barcelle
#madame-domas,0.0,0.0,0.0,0.0,0.0
#philibert,0.0,0.3333333333333334,0.1666666666666667,0.6666666666666666,0.6666666666666666
#voix-d-homme,0.0,0.1666666666666667,1.3333333333333337,0.3333333333333333,0.3333333333333333
#marchu,0.0,0.6666666666666666,0.3333333333333333,1.3333333333333337,1.3333333333333337
#marchu,0.0,0.6666666666666666,0.3333333333333333,1.3333333333333337,1.3333333333333337
Successions,#madame-domas,#philibert,#voix-d-homme,#marchu,#barcelle
#madame-domas,0.0,0.7272727272727273,0.022727272727272728,0.22727272727272727,0.022727272727272728
#philibert,0.9696969696969697,0.0,0.030303030303030304,0.0,0.0
#voix-d-homme,0.5,0.5,0.0,0.0,0.0
#marchu,0.2972972972972973,0.0,0.0,0.0,0.7027027027027027
#barcelle,0.0,0.0,0.0,1.0,0.0
