VALEUR,#dame-monique,#monsieur-festons,#monsieur-colliger,#l-abbe,#saint-pierre
Fréquences (scènes),0.6923076923076923,0.23076923076923078,0.8461538461538461,0.6923076923076923,0.07692307692307693
Fréquences(répliques),0.0,0.0,0.0,0.0,0.0
Confrontation,0.2857142857142857,0.08928571428571429,0.32142857142857145,0.25,0.05357142857142857
Déviations,#dame-monique,#monsieur-festons,#monsieur-colliger,#l-abbe,#saint-pierre
#dame-monique,1.2307692307692306,0.0028490028490028613,0.049728049728049666,0.008547008547008551,0.13675213675213677
#monsieur-festons,0.002849002849002829,7.692307692307691,0.08391608391608396,2.0769230769230766,0.23076923076923078
#monsieur-colliger,0.049728049728049666,0.0839160839160838,0.30769230769230743,0.049728049728049666,0.02797202797202793
#l-abbe,0.008547008547008551,2.076923076923077,0.049728049728049666,1.2307692307692306,0.13675213675213677
#saint-pierre,0.13675213675213677,0.23076923076923078,0.027972027972027975,0.13675213675213677,11.076923076923078
Successions,#dame-monique,#monsieur-festons,#monsieur-colliger,#l-abbe,#saint-pierre
#dame-monique,0.0,0.18518518518518517,0.4444444444444444,0.37037037037037035,0.0
#monsieur-festons,0.46153846153846156,0.0,0.5384615384615384,0.0,0.0
#monsieur-colliger,0.17391304347826086,0.11594202898550725,0.014492753623188406,0.6811594202898551,0.014492753623188406
#l-abbe,0.16393442622950818,0.0,0.7704918032786885,0.03278688524590164,0.03278688524590164
#saint-pierre,0.0,0.0,0.6666666666666666,0.3333333333333333,0.0
