VALEUR,#lisimon,#cleante,#clarice,#toinette,#orgon,#chanteur-du-divertissement,#chanteur-du-vaudeville
Fréquences (scènes),0.4,0.15,0.45,0.55,0.65,0.05,0.05
Fréquences(répliques),0.0,0.0,0.0,0.0,0.0,1.0,0.0
Confrontation,0.20238095238095238,0.09523809523809523,0.2261904761904762,0.2261904761904762,0.25,0.0,0.0
Déviations,#lisimon,#cleante,#clarice,#toinette,#orgon,#chanteur-du-divertissement,#chanteur-du-vaudeville
#lisimon,7.199999999999999,0.5333333333333334,0.04444444444444442,0.036363636363636424,0.623076923076923,0.4000000000000001,0.4000000000000001
#cleante,0.533333333333333,14.450000000000001,2.016666666666666,0.07424242424242418,0.46282051282051295,0.15000000000000002,0.15000000000000002
#clarice,0.04444444444444442,2.0166666666666675,6.050000000000001,0.22272727272727263,0.003846153846153818,0.45,0.45
#toinette,0.036363636363636424,0.07424242424242429,0.22272727272727263,4.049999999999999,0.003146853146853162,0.55,0.55
#orgon,0.623076923076923,0.46282051282051284,0.003846153846153818,0.003146853146853162,2.4499999999999984,0.65,0.65
#chanteur-du-divertissement,0.4000000000000001,0.15,0.45,0.55,0.65,18.049999999999997,0.05000000000000001
#chanteur-du-vaudeville,0.4000000000000001,0.15,0.45,0.55,0.65,0.05000000000000001,18.049999999999997
Successions,#lisimon,#cleante,#clarice,#toinette,#orgon,#chanteur-du-divertissement,#chanteur-du-vaudeville
#lisimon,0.01694915254237288,0.22033898305084745,0.01694915254237288,0.01694915254237288,0.7288135593220338,0.0,0.0
#cleante,0.6756756756756757,0.0,0.08108108108108109,0.05405405405405406,0.1891891891891892,0.0,0.0
#clarice,0.07894736842105263,0.05263157894736842,0.0,0.09210526315789473,0.7763157894736842,0.0,0.0
#toinette,0.13513513513513514,0.02702702702702703,0.32432432432432434,0.0,0.5135135135135135,0.0,0.0
#orgon,0.4682080924855491,0.03468208092485549,0.34104046242774566,0.14450867052023122,0.011560693641618497,0.0,0.0
#chanteur-du-divertissement,0.0,0.0,0.0,1.0,0.0,0.0,0.0
#chanteur-du-vaudeville,0.0,0.0,0.0,0.0,0.0,1.0,0.0
