VALEUR,#gabrielle,#alice,#marie,#renee,#madame-de-lucet,#bonne-maman
Fréquences (scènes),0.2,0.4,0.6,0.8,0.6,0.4
Fréquences(répliques),0.0,0.0,1.0,0.0,0.0,0.0
Confrontation,0.05555555555555555,0.16666666666666666,0.2222222222222222,0.2222222222222222,0.19444444444444445,0.1388888888888889
Déviations,#gabrielle,#alice,#marie,#renee,#madame-de-lucet,#bonne-maman
#gabrielle,3.2000000000000006,0.8999999999999999,0.2666666666666667,0.8000000000000002,0.6,0.4000000000000001
#alice,0.8999999999999999,1.7999999999999998,0.5333333333333334,0.22500000000000006,0.03333333333333332,0.049999999999999975
#marie,0.2666666666666665,0.533333333333333,0.8000000000000003,0.06666666666666678,0.022222222222222265,0.03333333333333339
#renee,0.8000000000000002,0.22500000000000006,0.06666666666666664,0.1999999999999999,0.15000000000000005,0.09999999999999995
#madame-de-lucet,0.6000000000000001,0.03333333333333339,0.022222222222222265,0.1499999999999998,0.8000000000000003,0.03333333333333339
#bonne-maman,0.4000000000000001,0.049999999999999975,0.03333333333333332,0.09999999999999995,0.03333333333333332,1.7999999999999998
Successions,#gabrielle,#alice,#marie,#renee,#madame-de-lucet,#bonne-maman
#gabrielle,0.0,1.0,0.0,0.0,0.0,0.0
#alice,0.6923076923076923,0.07692307692307693,0.07692307692307693,0.0,0.0,0.15384615384615385
#marie,0.1,0.05,0.05,0.65,0.1,0.05
#renee,0.0,0.0,0.5185185185185185,0.0,0.07407407407407407,0.4074074074074074
#madame-de-lucet,0.0,0.0,0.5,0.3333333333333333,0.0,0.16666666666666666
#bonne-maman,0.0,0.0625,0.0625,0.6875,0.125,0.0625
