VALEUR,#orgon,#lucette,#damon,#cursac,#monsieur-de-la-taupiniere
Fréquences (scènes),0.6666666666666666,0.3333333333333333,0.16666666666666666,0.6666666666666666,0.6666666666666666
Fréquences(répliques),0.0,0.0,0.0,0.0,0.0
Confrontation,0.2692307692307692,0.19230769230769232,0.07692307692307693,0.23076923076923078,0.23076923076923078
Déviations,#orgon,#lucette,#damon,#cursac,#monsieur-de-la-taupiniere
#orgon,0.6666666666666669,0.3333333333333334,0.1666666666666667,0.1666666666666666,0.1666666666666666
#lucette,0.3333333333333334,2.6666666666666674,1.3333333333333337,0.0833333333333333,0.0833333333333333
#damon,0.1666666666666667,1.3333333333333337,4.166666666666668,0.6666666666666666,0.6666666666666666
#cursac,0.1666666666666666,0.0833333333333333,0.6666666666666666,0.6666666666666669,0.041666666666666706
#monsieur-de-la-taupiniere,0.1666666666666666,0.0833333333333333,0.6666666666666666,0.041666666666666706,0.6666666666666669
Successions,#orgon,#lucette,#damon,#cursac,#monsieur-de-la-taupiniere
#orgon,0.0,0.14814814814814814,0.07407407407407407,0.37037037037037035,0.4074074074074074
#lucette,0.6,0.0,0.0,0.2,0.2
#damon,1.0,0.0,0.0,0.0,0.0
#cursac,0.6111111111111112,0.05555555555555555,0.0,0.0,0.3333333333333333
#monsieur-de-la-taupiniere,0.6666666666666666,0.0,0.0,0.3333333333333333,0.0
