VALEUR,#belval,#la-fleur,#verville,#sophie,#le-comte
Fréquences (scènes),1.0,0.4166666666666667,0.08333333333333333,0.4166666666666667,0.16666666666666666
Fréquences(répliques),0.0,0.0,0.0,0.0,0.0
Confrontation,0.38235294117647056,0.23529411764705882,0.029411764705882353,0.23529411764705882,0.11764705882352941
Déviations,#belval,#la-fleur,#verville,#sophie,#le-comte
#belval,0.0,0.0,0.0,0.0,0.0
#la-fleur,0.0,4.083333333333332,0.41666666666666663,0.003333333333333345,0.03333333333333337
#verville,0.0,0.4166666666666667,10.083333333333332,0.4166666666666667,0.16666666666666666
#sophie,0.0,0.003333333333333345,0.41666666666666663,4.083333333333332,0.03333333333333337
#le-comte,0.0,0.03333333333333332,0.16666666666666666,0.03333333333333332,8.333333333333336
Successions,#belval,#la-fleur,#verville,#sophie,#le-comte
#belval,0.03389830508474576,0.211864406779661,0.13559322033898305,0.5338983050847458,0.0847457627118644
#la-fleur,0.8888888888888888,0.0,0.0,0.07407407407407407,0.037037037037037035
#verville,1.0,0.0,0.0,0.0,0.0
#sophie,0.9848484848484849,0.015151515151515152,0.0,0.0,0.0
#le-comte,0.9090909090909091,0.0,0.0,0.09090909090909091,0.0
