VALEUR,#juliette,#laure,#romeo,#madame-capulet,#capulet,#benvoglio,#montaigu
Fréquences (scènes),0.5172413793103449,0.3103448275862069,0.1724137931034483,0.3448275862068966,0.27586206896551724,0.27586206896551724,0.034482758620689655
Fréquences(répliques),0.0,0.0,0.0,0.0,0.0,0.0,0.0
Confrontation,0.2361111111111111,0.1527777777777778,0.1111111111111111,0.1388888888888889,0.1527777777777778,0.1527777777777778,0.05555555555555555
Déviations,#juliette,#laure,#romeo,#madame-capulet,#capulet,#benvoglio,#montaigu
#juliette,6.75862068965517,0.3885057471264364,0.06620689655172396,1.9457471264367825,1.1045977011494255,0.3129310344827587,0.4505747126436781
#laure,0.3885057471264364,13.793103448275863,0.19616858237547907,0.0034482758620689937,2.4827586206896552,0.8855363984674329,0.3103448275862069
#romeo,0.06620689655172411,0.1961685823754789,19.862068965517242,1.7241379310344829,0.10431034482758625,0.2793103448275861,3.9724137931034478
#madame-capulet,1.9457471264367818,0.0034482758620689646,1.7241379310344829,12.44827586206896,0.5586206896551722,1.1211206896551724,0.3448275862068966
#capulet,1.1045977011494255,2.4827586206896552,0.10431034482758625,0.5586206896551722,15.20689655172414,0.28502155172413796,1.9008620689655176
#benvoglio,0.3129310344827587,0.8855363984674329,0.2793103448275861,1.1211206896551724,0.28502155172413796,15.20689655172414,1.9008620689655176
#montaigu,0.4505747126436781,0.3103448275862069,3.9724137931034478,0.3448275862068966,1.9008620689655176,1.9008620689655176,27.034482758620694
Successions,#juliette,#laure,#romeo,#madame-capulet,#capulet,#benvoglio,#montaigu
#juliette,0.01098901098901099,0.2802197802197802,0.11538461538461539,0.26373626373626374,0.07692307692307693,0.25274725274725274,0.0
#laure,0.6153846153846154,0.0,0.01282051282051282,0.24358974358974358,0.0,0.1282051282051282,0.0
#romeo,0.71875,0.03125,0.0,0.0,0.03125,0.1875,0.03125
#madame-capulet,0.5483870967741935,0.1827956989247312,0.0,0.010752688172043012,0.22580645161290322,0.03225806451612903,0.0
#capulet,0.21875,0.0,0.046875,0.34375,0.03125,0.3125,0.046875
#benvoglio,0.4945054945054945,0.0989010989010989,0.07692307692307693,0.03296703296703297,0.1978021978021978,0.03296703296703297,0.06593406593406594
#montaigu,0.0,0.0,0.0,0.0,0.8,0.2,0.0
