VALEUR,#griffon,#jourdain,#hortensius,#l-abbe,#blazonnet,#goule,#coule
Fréquences (scènes),0.4,1.0,0.6,0.6,0.2,0.2,0.2
Fréquences(répliques),0.0,0.0,0.0,0.0,0.0,0.0,0.0
Confrontation,0.07142857142857142,0.2619047619047619,0.19047619047619047,0.21428571428571427,0.07142857142857142,0.09523809523809523,0.09523809523809523
Déviations,#griffon,#jourdain,#hortensius,#l-abbe,#blazonnet,#goule,#coule
#griffon,1.7999999999999998,0.0,1.2,0.03333333333333332,0.4000000000000001,0.4000000000000001,0.4000000000000001
#jourdain,0.0,0.0,0.0,0.0,0.0,0.0,0.0
#hortensius,1.2000000000000002,0.0,0.8000000000000003,0.022222222222222265,0.2666666666666665,0.2666666666666665,0.2666666666666665
#l-abbe,0.03333333333333339,0.0,0.022222222222222265,0.8000000000000003,0.2666666666666665,0.2666666666666665,0.2666666666666665
#blazonnet,0.4000000000000001,0.0,0.2666666666666667,0.2666666666666667,3.2000000000000006,0.20000000000000004,0.20000000000000004
#goule,0.4000000000000001,0.0,0.2666666666666667,0.2666666666666667,0.20000000000000004,3.2000000000000006,3.2000000000000006
#goule,0.4000000000000001,0.0,0.2666666666666667,0.2666666666666667,0.20000000000000004,3.2000000000000006,3.2000000000000006
Successions,#griffon,#jourdain,#hortensius,#l-abbe,#blazonnet,#goule,#coule
#griffon,0.0,0.5714285714285714,0.0,0.42857142857142855,0.0,0.0,0.0
#jourdain,0.17857142857142858,0.0,0.2857142857142857,0.07142857142857142,0.42857142857142855,0.03571428571428571,0.0
#hortensius,0.1111111111111111,0.6666666666666666,0.0,0.2222222222222222,0.0,0.0,0.0
#l-abbe,0.25,0.5,0.0,0.0,0.0,0.0,0.25
#blazonnet,0.0,0.9166666666666666,0.08333333333333333,0.0,0.0,0.0,0.0
#goule,0.0,1.0,0.0,0.0,0.0,0.0,0.0
#coule,0.0,0.5,0.0,0.5,0.0,0.0,0.0
