VALEUR,#madame-dorsan,#lisette,#dubois,#derville,#sophie,#dorsan,#le-laquais
Fréquences (scènes),0.45454545454545453,0.36363636363636365,0.045454545454545456,0.2727272727272727,0.5454545454545454,0.045454545454545456,0.045454545454545456
Fréquences(répliques),0.0,0.0,0.0,0.0,0.0,0.0,0.0
Confrontation,0.275,0.175,0.025,0.15,0.3,0.05,0.025
Déviations,#madame-dorsan,#lisette,#dubois,#derville,#sophie,#dorsan,#le-laquais
#madame-dorsan,6.545454545454547,0.7363636363636366,0.4545454545454546,0.19393939393939383,0.03787878787878782,0.6545454545454544,0.6545454545454544
#lisette,0.7363636363636362,8.909090909090908,1.1136363636363635,0.640151515151515,0.4261363636363635,0.36363636363636365,0.36363636363636365
#dubois,0.45454545454545453,1.1136363636363635,20.045454545454547,0.2727272727272727,0.5454545454545454,0.045454545454545456,0.045454545454545456
#derville,0.19393939393939383,0.640151515151515,0.2727272727272727,11.636363636363635,0.022727272727272686,0.2727272727272727,0.2727272727272727
#sophie,0.03787878787878782,0.4261363636363635,0.5454545454545454,0.022727272727272686,4.545454545454547,0.3787878787878789,0.5454545454545454
#dorsan,0.6545454545454544,0.36363636363636365,0.045454545454545456,0.2727272727272727,0.3787878787878789,20.045454545454547,0.045454545454545456
#le-laquais,0.6545454545454544,0.36363636363636365,0.045454545454545456,0.2727272727272727,0.5454545454545454,0.045454545454545456,20.045454545454547
Successions,#madame-dorsan,#lisette,#dubois,#derville,#sophie,#dorsan,#le-laquais
#madame-dorsan,0.01694915254237288,0.2033898305084746,0.0,0.1016949152542373,0.6440677966101694,0.0,0.03389830508474576
#lisette,0.2916666666666667,0.020833333333333332,0.14583333333333334,0.25,0.2916666666666667,0.0,0.0
#dubois,0.0,1.0,0.0,0.0,0.0,0.0,0.0
#derville,0.08955223880597014,0.19402985074626866,0.0,0.0,0.7164179104477612,0.0,0.0
#sophie,0.3592233009708738,0.14563106796116504,0.0,0.47572815533980584,0.009708737864077669,0.009708737864077669,0.0
#dorsan,0.0,0.0,0.0,0.0,1.0,0.0,0.0
#le-laquais,0.5,0.0,0.0,0.0,0.5,0.0,0.0
