VALEUR,#la-comtesse,#dubois,#le-commandeur,#monsieur-de-la-poterniere
Fréquences (scènes),0.6,0.2,0.8,0.6
Fréquences(répliques),0.0,0.0,0.0,0.0
Confrontation,0.2857142857142857,0.07142857142857142,0.35714285714285715,0.2857142857142857
Déviations,#la-comtesse,#dubois,#le-commandeur,#monsieur-de-la-poterniere
#la-comtesse,0.8000000000000003,0.2666666666666665,0.06666666666666678,0.3555555555555554
#dubois,0.2666666666666667,3.2000000000000006,0.8000000000000002,0.6
#le-commandeur,0.06666666666666664,0.8000000000000002,0.1999999999999999,0.15000000000000005
#monsieur-de-la-poterniere,0.3555555555555554,0.6000000000000001,0.1499999999999998,0.8000000000000003
Successions,#la-comtesse,#dubois,#le-commandeur,#monsieur-de-la-poterniere
#la-comtesse,0.020833333333333332,0.10416666666666667,0.6458333333333334,0.22916666666666666
#dubois,1.0,0.0,0.0,0.0
#le-commandeur,0.4696969696969697,0.0,0.0,0.5303030303030303
#monsieur-de-la-poterniere,0.25,0.0,0.7291666666666666,0.020833333333333332
