VALEUR,#madame-beaupre,#henriette,#julie,#mathurine,#magdelon,#javotte
Fréquences (scènes),0.3333333333333333,0.7777777777777778,0.5555555555555556,0.5555555555555556,0.2222222222222222,0.3333333333333333
Fréquences(répliques),0.0,0.0,0.0,0.0,0.0,0.0
Confrontation,0.10344827586206896,0.1896551724137931,0.20689655172413793,0.2413793103448276,0.10344827586206896,0.15517241379310345
Déviations,#madame-beaupre,#henriette,#julie,#mathurine,#magdelon,#javotte
#madame-beaupre,4.0,0.04761904761904766,0.06666666666666664,0.06666666666666664,0.6666666666666666,1.0
#henriette,0.04761904761904754,0.4444444444444443,0.20317460317460334,0.20317460317460334,0.1984126984126983,0.04761904761904754
#julie,0.06666666666666674,0.20317460317460317,1.7777777777777781,0.5377777777777779,0.01111111111111112,0.06666666666666674
#mathurine,0.06666666666666674,0.20317460317460317,0.5377777777777779,1.7777777777777781,0.711111111111111,1.0666666666666669
#magdelon,0.6666666666666666,0.19841269841269843,0.01111111111111112,0.711111111111111,5.444444444444445,2.6666666666666674
#javotte,1.0,0.04761904761904766,0.06666666666666664,1.0666666666666667,2.6666666666666674,4.0
Successions,#madame-beaupre,#henriette,#julie,#mathurine,#magdelon,#javotte
#madame-beaupre,0.07142857142857142,0.2857142857142857,0.21428571428571427,0.42857142857142855,0.0,0.0
#henriette,0.16129032258064516,0.03225806451612903,0.5483870967741935,0.1935483870967742,0.06451612903225806,0.0
#julie,0.058823529411764705,0.5588235294117647,0.0,0.17647058823529413,0.029411764705882353,0.17647058823529413
#mathurine,0.2857142857142857,0.2857142857142857,0.2857142857142857,0.0,0.09523809523809523,0.047619047619047616
#magdelon,0.0,0.16666666666666666,0.3333333333333333,0.5,0.0,0.0
#javotte,0.0,0.0,0.8571428571428571,0.0,0.14285714285714285,0.0
