VALEUR,#clelie,#polymaque,#pericide
Fréquences (scènes),1.0,1.0,1.0
Fréquences(répliques),0.0,0.0,0.0
Confrontation,0.3333333333333333,0.3333333333333333,0.3333333333333333
Déviations,#clelie,#polymaque,#pericide
#clelie,0.0,0.0,0.0
#clelie,0.0,0.0,0.0
#clelie,0.0,0.0,0.0
Successions,#clelie,#polymaque,#pericide
#clelie,0.0,0.6111111111111112,0.3888888888888889
#polymaque,0.6363636363636364,0.0,0.36363636363636365
#pericide,0.3333333333333333,0.6666666666666666,0.0
