VALEUR,#zulmee,#rosalide,#lumineuse,#bienfaisante,#clarinde,#foule
Fréquences (scènes),0.4375,0.5625,0.6875,0.5,0.3125,0.0625
Fréquences(répliques),0.0,0.0,0.0,0.0,0.0,0.0
Confrontation,0.13157894736842105,0.2236842105263158,0.25,0.21052631578947367,0.15789473684210525,0.02631578947368421
Déviations,#zulmee,#rosalide,#lumineuse,#bienfaisante,#clarinde,#foule
#zulmee,5.0625,0.22321428571428573,0.6826298701298701,0.6428571428571429,0.6446428571428572,0.7232142857142857
#rosalide,0.22321428571428573,3.0625,0.22790404040404041,0.5,1.7013888888888888,0.3402777777777778
#lumineuse,0.6826298701298701,0.22790404040404041,1.5625,1.1363636363636365,0.05568181818181818,0.6875
#bienfaisante,0.6428571428571429,0.5,1.1363636363636365,4.0,0.1,0.5
#clarinde,0.6446428571428572,1.7013888888888888,0.05568181818181818,0.1,7.5625,0.3125
#foule,0.7232142857142857,0.3402777777777778,0.6875,0.5,0.3125,14.0625
Successions,#zulmee,#rosalide,#lumineuse,#bienfaisante,#clarinde,#foule
#zulmee,0.0,0.8076923076923077,0.11538461538461539,0.038461538461538464,0.038461538461538464,0.0
#rosalide,0.20833333333333334,0.010416666666666666,0.2916666666666667,0.052083333333333336,0.4166666666666667,0.020833333333333332
#lumineuse,0.046153846153846156,0.4153846153846154,0.015384615384615385,0.47692307692307695,0.046153846153846156,0.0
#bienfaisante,0.075,0.025,0.775,0.025,0.1,0.0
#clarinde,0.0,0.9375,0.020833333333333332,0.041666666666666664,0.0,0.0
#foule,0.5,0.5,0.0,0.0,0.0,0.0
